hub_location_id,vendor_id
z2pn26,y2xezm
z2pn26,wm45x2
z2pn26,ymdrrm
z2pn26,ymddom
z2pn26,42rno2
z2pn26,ymwqlm
z2pn26,k27z7m
z2pn26,xmypv2
z2pn26,32znx2
z2pn26,dmnw42
z2pn26,42r7om
z2pn26,e23pnm
z2pn26,rm5rx2
z2pn26,wm4nam
z2pn26,62eblm
z2pn26,2lbn62
z2pn26,2poxbm
z2pn26,m66nrn
z2pn26,2xxvye
z2pn26,mavada
z2pn26,mnoxe4
z2pn26,2qzq3w
z2pn26,2xxykw
z2pn26,m4ba4y
z2pn26,2pya4z
z2pn26,mnol3b
z2pn26,2rxkw7
z2pn26,2xxygk
z2pn26,mnoldb
z2pn26,mbyvrk
z2pn26,m54qov
z2pn26,mav74g
z2pn26,276bdb
z2pn26,mav7gp
z2pn26,2g3ndp
rm5r2g,2xxvqr
rm56r2,mno5nk
ymw4x2,2rxk53
6mkb62,2qzqlk
6mkb62,mkb3r7
6mkb62,mbyvdk
6mkb62,mwz6wb
6mkb62,276bvb
6mkb62,2v3v6x
6mkb62,my3odz
6mkb62,2zopx5
6mkb62,2opexn
6mkb62,2le5n6
6mkb62,m66kpv
6mkb62,2g3ng3
6mkb62,mdkyzg
6mkb62,2xxy5k
6mkb62,2qzqok
6mkb62,mbyvlk
6mkb62,mwz63b
6mkb62,m66kzv
6mkb62,my3obz
6mkb62,2g3n63
6mkb62,2zopy5
6mkb62,2xxybk
6mkb62,2v3vbx
6mkb62,my3oyz
6mkb62,2g3np3
6mkb62,2xxy7l
6mkb62,2v3vdp
6mkb62,m66kop
6mkb62,23lew4
zmbye2,23leo5
zmbye2,m54qnv
42reem,276bnb
42reem,2v3vzx
42reem,m66k4v
42reem,my3o5b
42reem,mbyvqv
ymd5r2,my3ooe
62ev5m,2opela
a2gbnm,m54qb6
ymdrrm,mwz6xk
72ongm,23leq4
zmapd2,2zop44
e2qyz2,2opeza
6mkqwm,2pyakd
6mkqwm,2rxkol
6mkqwm,mdkypy
6mkqwm,2xxy3l
6mkqwm,m54qz6
6mkqwm,m4baob
6mkqwm,2le54v
6mkqwm,mav7kp
6mkqwm,2qzqkp
6mkqwm,mkb35a
6mkqwm,mbyvba
6mkqwm,mwz6rk
6mkqwm,2v3vnp
6mkqwm,2zop34
6mkqwm,2opeaa
6mkqwm,2pyaqd
6mkqwm,mnolz5
6mkqwm,2rxkbl
6mkqwm,mdkyoy
6mkqwm,2xxydl
6mkqwm,23lea4
6mkqwm,m54qk6
6mkqwm,m4baqb
6mkqwm,2le5ov
6mkqwm,2e4oex
6mkqwm,2qzqxp
6mkqwm,mkb37a
6mkqwm,mbyvza
6mkqwm,mwz6ak
6mkqwm,276bwv
6mkqwm,2v3vep
6mkqwm,m66kbp
6mkqwm,my3okb
6mkqwm,2g3nqp
6mkqwm,2zopb4
6mkqwm,2opera
6mkqwm,2pyadd
6mkqwm,mnoln5
6mkqwm,2rxk3l
6mkqwm,mdkyly
6mkqwm,2xxyql
6mkqwm,23len4
6mkqwm,m54qd6
6mkqwm,m4barb
6mkqwm,2le5xv
6mkqwm,2e4o7x
6mkqwm,mav7qp
6mkqwm,2qzqep
6mkqwm,mkb3za
6mkqwm,mbyvka
6mkqwm,mwz67k
6mkqwm,276b3v
6mkqwm,2v3vwp
6mkqwm,m66kxp
6mkqwm,my3ogb
6mkqwm,2g3nop
6mkqwm,2zopg4
6mkqwm,2ope4a
6mkqwm,2pyald
6mkqwm,mnol55
6mkqwm,2rxkal
6mkqwm,mdkywy
6mkqwm,2xxyvl
6mkqwm,23ler4
6mkqwm,m54qx6
6mkqwm,m4badb
6mkqwm,2le5rv
6mkqwm,2e4owx
6mkqwm,mav7ap
6mkqwm,2ope3w
6mkqwm,2pya57
6mkqwm,mnolxk
6mkqwm,2rxkl5
6mkqwm,mdkyb3
6mkqwm,2xxywr
6mkqwm,23lerg
6mkqwm,m54qxn
6mkqwm,m4bad3
6mkqwm,2le5rl
6mkqwm,2e4owp
6mkqwm,mav7a3
6mkqwm,2qzq4e
6mkqwm,mkb3nn
zmbnpm,2zopp6
zmbnpm,2opeew
zmbnpm,2pyaa7
zmbnpm,mnollk
zmbnpm,2rxkk5
zmbnpm,mdkyy3
zmbnpm,2xxyyr
zmbnpm,m54qqn
zmbnpm,m4baa3
zmbnpm,2le55l
zmbnpm,2e4oop
zmbnpm,mav773
zmbnpm,2qzqqe
zmbnpm,mkb33n
zmbnpm,mbyvvv
zmbnpm,mwz665
zmbnpm,276bxy
zmbnpm,2v3vx4
zmbnpm,m66kr6
zmbnpm,my3oae
zmbnpm,2g3nve
32z6x2,2pyab7
72okg2,2opeqw
wm4vam,2zopk6
